1 Zhang yang, (507)123-4567
2 Jason Smith, (607)123-4567
3 Alice Taylor, (315)234-5678
4 Zhang Yang, (507)123-4568
5 Avani Abhyankar, (315)264-5678
6 zhang Raj, (507)123-4565
7 Jason Smith, (607)123-4525
8 vinit kadam, (607)123-4500
9 Kshitija Patil,(607)345-6789
10 Aditya Patil,(123)456-7890
11 Ravi Prabhakar,(509)678-8907
12 Nichole Sasz,(607)345-8907
13 Rick Sasz,(607)345-8909
14 vinit kadam,(607)123-4501
15 Jason Smith,(607)123-4525
16 Abhishek Patankar,(912)345-7890
17 Abhishek Patankar,(912)346-7890
18 Veronica Taylor,(678)456-1234
19 Tom Verk,(456)345-8090
20 Tom Verk,(456)345-8090
